{
    "conjunction": {
        "18": 1.0430390066943708e-34, 
        "3": 1.3137862048915045e-127, 
        "12": 4.340116801830441e-46, 
        "6": 1.1176715370918093e-65
    }, 
    "blackandwhite": {
        "18": 1.0693348339465449e-47, 
        "3": 8.327134384676345e-132, 
        "12": 4.9383221661576914e-55, 
        "6": 1.8586525720760919e-74
    }, 
    "5and2": {
        "18": 0.084930735596512999, 
        "3": 0.0014264873591026408, 
        "12": 0.44589848312661351, 
        "6": 0.015638743830986322
    }
}