{
    "5and2_popout": {
        "18": 3.7774910974484433e-10, 
        "3": 0.7045425328596655, 
        "12": 3.7887388165751967e-05, 
        "6": 0.0024883319270446519
    }, 
    "5and2_orientation": {
        "18": 0.64488613169237086, 
        "3": 0.64083054764128344, 
        "12": 0.50113653527412949, 
        "6": 0.013149780362628387
    }, 
    "popout": {
        "18": 2.0141701261014336e-12, 
        "3": 1.0, 
        "12": 4.1631255960427909e-07, 
        "6": 0.00015652217978467101
    }
}